name	type
4442	P175
4443	P17
4444	P179
4445	P1001
4446	P175
4447	P175
4448	P175
4449	P176
4450	P569
4451	P150
4452	P27
4453	P131
4454	P57
4455	P131
4456	P40
4457	P20
4458	P17
4459	P569
4460	P17
4461	P264
4462	P27
4463	P17
4464	P131
4465	P17
4466	P1441
4467	P150
4468	P27
4469	P17
4470	P17
4471	P463
4472	P17
4473	P569
4474	P150
4475	P150
4476	P131
4477	P161
4478	P27
4479	P127
4480	P17
4481	P131
4482	P17
4483	P27
4484	P17
4485	P69
4486	P17
4487	P40
4488	P577
4489	P571
4490	P264
4491	P17
4492	P131
4493	P17
4494	P17
4495	P463
4496	P27
4497	P162
4498	P577
4499	P17
4500	P6
4501	P17
4502	P17
4503	P150
4504	P131
4505	P17
4506	P361
4507	P22
4508	P27
4509	P161
4510	P30
4511	P166
4512	P17
4513	P170
4514	P17
4515	P155
4516	P19
4517	P17
4518	P17
4519	P463
4520	P17
4521	P571
4522	P570
4523	P27
4524	P527
4525	P27
4526	P276
4527	P131
4528	P400
4529	P576
4530	P26
4531	P607
4532	P57
4533	P527
4534	P527
4535	P264
4536	P17
4537	P150
4538	P27
4539	P17
4540	P607
4541	P162
4542	P400
4543	P577
4544	P1001
4545	P570
4546	P17
4547	P17
4548	P400
4549	P1344
4550	P131
4551	P3373
4552	P40
4553	P102
4554	P150
4555	P17
4556	P131
4557	P674
4558	P40
4559	P150
4560	P570
4561	P527
4562	P27
4563	P527
4564	P17
4565	P17
4566	P30
4567	P159
4568	P463
4569	P170
4570	P1001
4571	P17
4572	P40
4573	P17
4574	P577
4575	P264
4576	P463
4577	P527
4578	P194
4579	P17
4580	P123
4581	P361
4582	P175
4583	P17
4584	P400
4585	P17
4586	P20
4587	P27
4588	P264
4589	P3373
4590	P272
4591	P131
4592	P17
4593	P495
4594	P264
4595	P6
4596	P131
4597	P150
4598	P161
4599	P150
4600	P577
4601	P1001
4602	P264
4603	P150
4604	P17
4605	P17
4606	P570
4607	P1001
4608	P495
4609	P1441
4610	P54
4611	P112
4612	P570
4613	P40
4614	P403
4615	P17
4616	P175
4617	P710
4618	P1441
4619	P69
4620	P27
4621	P17
4622	P166
4623	P150
4624	P800
4625	P20
4626	P175
4627	P175
4628	P25
4629	P150
4630	P150
4631	P118
4632	P400
4633	P571
4634	P102
4635	P674
4636	P17
4637	P131
4638	P17
4639	P570
4640	P706
4641	P495
4642	P131
4643	P571
4644	P569
4645	P27
4646	P131
4647	P102
4648	P17
4649	P361
4650	P131
4651	P27
4652	P131
4653	P175
4654	P123
4655	P17
4656	P527
4657	P30
4658	P57
4659	P19
4660	P131
4661	P150
4662	P570
4663	P17
4664	P175
4665	P175
4666	P161
4667	P17
4668	P27
4669	P50
4670	P131
4671	P17
4672	P17
4673	P577
4674	P527
4675	P22
4676	P150
4677	P150
4678	P22
4679	P17
4680	P527
4681	P179
4682	P150
4683	P150
4684	P175
4685	P276
4686	P194
4687	P569
4688	P17
4689	P22
4690	P27
4691	P488
4692	P17
4693	P17
4694	P150
4695	P17
4696	P264
4697	P131
4698	P607
4699	P131
4700	P17
4701	P17
4702	P155
4703	P27
4704	P577
4705	P17
4706	P57
4707	P131
4708	P150
4709	P27
4710	P17
4711	P577
4712	P400
4713	P569
4714	P17
4715	P102
4716	P27
4717	P102
4718	P178
4719	P26
4720	P17
4721	P175
4722	P150
4723	P17
4724	P17
4725	P175
4726	P131
4727	P131
4728	P569
4729	P1441
4730	P569
4731	P17
4732	P131
4733	P264
4734	P27
4735	P131
4736	P403
4737	P131
4738	P27
4739	P361
4740	P1412
4741	P175
4742	P131
4743	P570
4744	P17
4745	P131
4746	P131
4747	P19
4748	P50
4749	P17
4750	P361
4751	P58
4752	P1365
4753	P569
4754	P140
4755	P577
4756	P495
4757	P1441
4758	P150
4759	P150
4760	P27
4761	P577
4762	P576
4763	P569
4764	P27
4765	P131
4766	P17
4767	P123
4768	P577
4769	P131
4770	P19
4771	P463
4772	P17
4773	P937
4774	P570
4775	P577
4776	P162
4777	P17
4778	P585
4779	P17
4780	P30
4781	P276
4782	P175
4783	P577
4784	P569
4785	P17
4786	P27
4787	P1376
4788	P131
4789	P576
4790	P17
4791	P123
4792	P178
4793	P40
4794	P20
4795	P17
4796	P57
4797	P54
4798	P571
4799	P50
4800	P17
4801	P264
4802	P27
4803	P17
4804	P17
4805	P156
4806	P361
4807	P17
4808	P495
4809	P175
4810	P150
4811	P463
4812	P175
4813	P175
4814	P17
4815	P17
4816	P17
4817	P19
4818	P17
4819	P137
4820	P674
4821	P131
4822	P276
4823	P27
4824	P27
4825	P161
4826	P3373
4827	P17
4828	P175
4829	P400
4830	P131
4831	P131
4832	P150
4833	P577
4834	P17
4835	P131
4836	P40
4837	P27
4838	P17
4839	P570
4840	P17
4841	P569
4842	P17
4843	P27
4844	P131
4845	P1344
4846	P123
4847	P172
4848	P17
4849	P17
4850	P17
4851	P131
4852	P131
4853	P175
4854	P840
4855	P6
4856	P571
4857	P400
4858	P161
4859	P150
4860	P159
4861	P17
4862	P131
4863	P175
4864	P740
4865	P150
4866	P40
4867	P17
4868	P25
4869	P674
4870	P17
4871	P463
4872	P17
4873	P161
4874	P17
4875	P26
4876	P131
4877	P137
4878	P577
4879	P131
4880	P17
4881	P577
4882	P27
4883	P123
4884	P150
4885	P17
4886	P194
4887	P19
4888	P1412
4889	P1001
4890	P108
4891	P577
4892	P1001
4893	P27
4894	P131
4895	P27
4896	P17
4897	P35
4898	P150
4899	P570
4900	P527
4901	P17
4902	P112
4903	P17
4904	P176
4905	P30
4906	P150
4907	P27
4908	P57
4909	P156
4910	P19
4911	P86
4912	P1441
4913	P131
4914	P30
4915	P17
4916	P17
4917	P19
4918	P577
4919	P17
4920	P17
4921	P17
4922	P131
4923	P26
4924	P19
4925	P17
4926	P463
4927	P569
4928	P131
4929	P27
4930	P27
4931	P50
4932	P131
4933	P569
4934	P175
4935	P118
4936	P17
4937	P674
4938	P131
4939	P175
4940	P17
4941	P495
4942	P527
4943	P170
4944	P108
4945	P175
4946	P706
4947	P108
4948	P276
4949	P551
4950	P264
4951	P279
4952	P495
4953	P161
4954	P36
4955	P30
4956	P17
4957	P17
4958	P131
4959	P17
4960	P162
4961	P17
4962	P27
4963	P17
4964	P17
4965	P17
4966	P22
4967	P108
4968	P17
4969	P577
4970	P40
4971	P1376
4972	P17
4973	P19
4974	P607
4975	P17
4976	P27
4977	P6
4978	P194
4979	P131
4980	P69
4981	P27
4982	P463
4983	P131
4984	P577
4985	P27
4986	P150
4987	P140
4988	P140
4989	P150
4990	P150
4991	P27
4992	P108
4993	P175
4994	P131
4995	P19
4996	P27
4997	P577
4998	P400
4999	P131
5000	P463
5001	P17
5002	P175
5003	P171
5004	P27
5005	P69
5006	P1056
5007	P175
5008	P40
5009	P102
5010	P264
5011	P131
5012	P571
5013	P27
5014	P569
5015	P3373
5016	P6
5017	P20
5018	P577
5019	P570
5020	P1412
5021	P577
5022	P400
5023	P264
5024	P17
5025	P178
5026	P175
5027	P17
5028	P27
5029	P137
5030	P3373
5031	P17
5032	P131
5033	P30
5034	P17
5035	P17
5036	P17
5037	P155
5038	P178
5039	P17
5040	P26
5041	P27
5042	P17
5043	P131
5044	P150
5045	P1441
5046	P17
5047	P175
5048	P175
5049	P17
5050	P27
5051	P527
5052	P17
5053	P131
5054	P17
5055	P36
5056	P175
5057	P17
5058	P571
5059	P3373
5060	P264
5061	P35
5062	P674
5063	P27
5064	P131
5065	P54
5066	P69
5067	P17
5068	P175
5069	P264
5070	P17
5071	P577
5072	P17
5073	P54
5074	P170
5075	P17
5076	P569
5077	P17
5078	P175
5079	P150
5080	P17
5081	P17
5082	P155
5083	P17
5084	P131
5085	P17
5086	P26
5087	P571
5088	P674
5089	P17
5090	P131
5091	P17
5092	P102
5093	P17
5094	P131
5095	P170
5096	P17
5097	P162
5098	P361
5099	P170
5100	P17
5101	P17
5102	P150
5103	P175
5104	P17
5105	P175
5106	P361
5107	P150
5108	P17
5109	P137
5110	P27
5111	P570
5112	P102
5113	P569
5114	P264
5115	P17
5116	P27
5117	P580
5118	P577
5119	P577
5120	P150
5121	P17
5122	P40
5123	P131
5124	P30
5125	P17
5126	P159
5127	P17
5128	P162
5129	P27
5130	P150
5131	P161
5132	P17
5133	P131
5134	P27
5135	P17
5136	P150
5137	P161
5138	P488
5139	P17
5140	P194
5141	P150
5142	P175
5143	P27
5144	P170
5145	P131
5146	P27
5147	P150
5148	P570
5149	P570
5150	P17
5151	P150
5152	P170
5153	P27
5154	P150
5155	P17
5156	P170
5157	P17
5158	P577
5159	P740
5160	P54
5161	P155
5162	P800
5163	P527
5164	P131
5165	P131
5166	P175
5167	P17
5168	P17
5169	P17
5170	P17
5171	P69
5172	P131
5173	P361
5174	P161
5175	P17
5176	P17
5177	P361
5178	P361
5179	P161
5180	P17
5181	P17
5182	P27
5183	P175
5184	P495
5185	P1441
5186	P131
5187	P17
5188	P69
5189	P175
5190	P194
5191	P577
5192	P17
5193	P131
5194	P27
5195	P17
5196	P27
5197	P57
5198	P527
5199	P150
5200	P17
5201	P17
5202	P17
5203	P175
5204	P131
5205	P17
5206	P40
5207	P30
5208	P19
5209	P17
5210	P150
5211	P17
5212	P17
5213	P570
5214	P527
5215	P170
5216	P27
5217	P577
5218	P27
5219	P17
5220	P194
5221	P570
5222	P17
5223	P17
5224	P175
5225	P463
5226	P150
5227	P937
5228	P488
5229	P161
5230	P131
5231	P17
5232	P937
5233	P20
5234	P361
5235	P175
5236	P27
5237	P570
5238	P17
5239	P241
5240	P740
5241	P131
5242	P27
5243	P463
5244	P463
5245	P569
5246	P131
5247	P740
5248	P577
5249	P570
5250	P27
5251	P577
5252	P6
5253	P17
5254	P17
5255	P150
5256	P175
5257	P127
5258	P17
5259	P175
5260	P69
5261	P27
5262	P17
5263	P570
5264	P17
5265	P150
5266	P361
5267	P800
5268	P150
5269	P102
5270	P166
5271	P19
5272	P17
5273	P131
5274	P35
5275	P131
5276	P27
5277	P161
5278	P57
5279	P17
5280	P361
5281	P17
5282	P27
5283	P175
5284	P17
5285	P241
5286	P463
5287	P131
5288	P58
5289	P570
5290	P264
5291	P150
5292	P150
5293	P17
5294	P400
5295	P175
5296	P17
5297	P155
5298	P171
5299	P495
5300	P17
5301	P27
5302	P403
5303	P155
5304	P175
5305	P131
5306	P577
5307	P17
5308	P361
5309	P17
5310	P102
5311	P361
5312	P676
5313	P54
5314	P570
5315	P607
5316	P175
5317	P569
5318	P166
5319	P26
5320	P17
5321	P570
5322	P131
5323	P17
5324	P495
5325	P800
5326	P26
5327	P102
5328	P131
5329	P569
5330	P131
5331	P27
5332	P27
5333	P577
5334	P54
5335	P674
5336	P170
5337	P17
5338	P577
5339	P131
5340	P527
5341	P527
5342	P577
5343	P3373
5344	P495
5345	P131
5346	P17
5347	P488
5348	P131
5349	P577
5350	P25
5351	P463
5352	P241
5353	P131
5354	P17
5355	P166
5356	P17
5357	P17
5358	P102
5359	P150
5360	P264
5361	P17
5362	P155
5363	P17
5364	P206
5365	P264
5366	P27
5367	P17
5368	P155
5369	P241
5370	P156
5371	P840
5372	P570
5373	P161
5374	P17
5375	P1001
5376	P17
5377	P577
5378	P17
5379	P150
5380	P159
5381	P179
5382	P17
5383	P131
5384	P102
5385	P131
5386	P570
5387	P463
5388	P150
5389	P40
5390	P527
5391	P131
5392	P175
5393	P127
5394	P569
5395	P159
5396	P166
5397	P131
5398	P131
5399	P150
5400	P17
5401	P17
5402	P241
5403	P112
5404	P17
5405	P577
5406	P577
5407	P577
5408	P740
5409	P176
5410	P118
5411	P36
5412	P571
5413	P175
5414	P86
5415	P17
5416	P17
5417	P17
5418	P166
5419	P17
5420	P40
5421	P17
5422	P102
5423	P17
5424	P175
5425	P17
5426	P150
5427	P131
5428	P1344
5429	P1001
5430	P570
5431	P127
5432	P27
5433	P131
5434	P175
5435	P17
5436	P131
5437	P20
5438	P264
5439	P17
5440	P161
5441	P131
5442	P20
5443	P674
5444	P131
5445	P17
5446	P1441
5447	P131
5448	P17
5449	P1056
5450	P57
5451	P17
5452	P131
5453	P361
5454	P19
5455	P674
5456	P706
5457	P150
5458	P50
5459	P674
5460	P131
5461	P27
5462	P131
5463	P463
5464	P175
5465	P69
5466	P175
5467	P570
5468	P569
5469	P17
5470	P17
5471	P17
5472	P17
5473	P40
5474	P569
5475	P1001
5476	P569
5477	P150
5478	P57
5479	P26
5480	P17
5481	P17
5482	P150
5483	P17
5484	P20
5485	P131
5486	P35
5487	P131
5488	P170
5489	P17
5490	P264
5491	P571
5492	P17
5493	P17
5494	P166
5495	P571
5496	P150
5497	P17
5498	P150
5499	P17
5500	P19
5501	P123
5502	P17
5503	P127
5504	P527
5505	P69
5506	P569
5507	P1001
5508	P569
5509	P577
5510	P150
5511	P131
5512	P361
5513	P577
5514	P27
5515	P17
5516	P570
5517	P22
5518	P57
5519	P159
5520	P17
5521	P3373
5522	P131
5523	P131
5524	P194
5525	P112
5526	P17
5527	P17
5528	P17
5529	P17
5530	P570
5531	P131
5532	P127
5533	P175
5534	P17
5535	P17
5536	P57
5537	P570
5538	P577
5539	P17
5540	P162
5541	P150
5542	P527
5543	P570
5544	P607
5545	P17
5546	P166
5547	P361
5548	P17
5549	P17
5550	P19
5551	P361
5552	P17
5553	P150
5554	P17
5555	P150
5556	P131
5557	P570
5558	P150
5559	P112
5560	P570
5561	P161
5562	P50
5563	P17
5564	P17
5565	P19
5566	P150
5567	P17
5568	P577
5569	P577
5570	P30
5571	P17
5572	P6
5573	P40
5574	P140
5575	P27
5576	P17
5577	P161
5578	P576
5579	P3373
5580	P137
5581	P27
5582	P150
5583	P17
5584	P361
5585	P123
5586	P150
5587	P361
5588	P150
5589	P272
5590	P17
5591	P264
5592	P571
5593	P17
5594	P131
5595	P800
5596	P30
5597	P17
5598	P22
5599	P118
5600	P17
5601	P175
5602	P27
5603	P577
5604	P27
5605	P175
5606	P527
5607	P27
5608	P27
5609	P937
5610	P17
5611	P206
5612	P17
5613	P17
5614	P17
5615	P17
5616	P36
5617	P1001
5618	P17
5619	P17
5620	P1441
5621	P463
5622	P161
5623	P58
5624	P156
5625	P17
5626	P1001
5627	P178
5628	P25
5629	P17
5630	P577
5631	P131
5632	P264
5633	P17
5634	P150
5635	P102
5636	P17
5637	P495
5638	P495
5639	P1441
5640	P112
5641	P1344
5642	P69
5643	P17
5644	P569
5645	P131
5646	P3373
5647	P102
5648	P69
5649	P171
5650	P30
5651	P131
5652	P17
5653	P17
5654	P131
5655	P17
5656	P127
5657	P17
5658	P50
5659	P131
5660	P364
5661	P17
5662	P361
5663	P571
5664	P577
5665	P194
5666	P175
5667	P162
5668	P131
5669	P155
5670	P150
5671	P27
5672	P159
5673	P17
5674	P175
5675	P50
5676	P1001
5677	P577
5678	P551
5679	P40
5680	P155
5681	P577
5682	P17
5683	P17
5684	P175
5685	P131
5686	P570
5687	P22
5688	P710
5689	P571
5690	P161
5691	P159
5692	P150
5693	P161
5694	P27
5695	P26
5696	P495
5697	P17
5698	P118
5699	P26
5700	P1365
5701	P569
5702	P17
5703	P40
5704	P27
5705	P463
5706	P17
5707	P463
5708	P178
5709	P463
5710	P570
5711	P570
5712	P17
5713	P50
5714	P131
5715	P17
5716	P20
5717	P463
5718	P206
5719	P17
5720	P571
5721	P17
5722	P123
5723	P17
5724	P127
5725	P607
5726	P175
5727	P17
5728	P35
5729	P175
5730	P577
5731	P27
5732	P172
5733	P527
5734	P175
5735	P131
5736	P17
5737	P27
5738	P577
5739	P571
5740	P272
5741	P400
5742	P17
5743	P22
5744	P569
5745	P131
5746	P17
5747	P194
5748	P577
5749	P585
5750	P131
5751	P131
5752	P27
5753	P241
5754	P50
5755	P577
5756	P264
5757	P27
5758	P131
5759	P27
5760	P527
5761	P17
5762	P19
5763	P710
5764	P1441
5765	P22
5766	P17
5767	P17
5768	P577
5769	P170
5770	P150
5771	P17
5772	P57
5773	P607
5774	P206
5775	P241
5776	P150
5777	P86
5778	P577
5779	P607
5780	P577
5781	P577
5782	P19
5783	P17
5784	P17
5785	P20
5786	P131
5787	P17
5788	P570
5789	P30
5790	P17
5791	P17
5792	P175
5793	P131
5794	P69
5795	P17
5796	P17
5797	P131
5798	P577
5799	P17
5800	P131
5801	P175
5802	P495
5803	P6
5804	P27
5805	P576
5806	P577
5807	P17
5808	P17
5809	P674
5810	P36
5811	P17
5812	P17
5813	P17
5814	P127
5815	P569
5816	P179
5817	P3373
5818	P131
5819	P150
5820	P175
5821	P361
5822	P495
5823	P17
5824	P17
5825	P112
5826	P585
5827	P30
5828	P172
5829	P1001
5830	P31
5831	P150
5832	P131
5833	P150
5834	P527
5835	P131
5836	P36
5837	P20
5838	P17
5839	P27
5840	P17
5841	P607
5842	P264
5843	P194
5844	P131
5845	P241
5846	P30
5847	P527
5848	P150
5849	P361
5850	P577
5851	P131
5852	P17
5853	P170
5854	P571
5855	P607
5856	P131
5857	P150
5858	P276
5859	P264
5860	P150
5861	P131
5862	P27
5863	P50
5864	P86
5865	P17
5866	P3373
5867	P571
5868	P495
5869	P551
5870	P17
5871	P400
5872	P17
5873	P27
5874	P17
5875	P118
5876	P123
5877	P150
5878	P449
5879	P162
5880	P17
5881	P50
5882	P577
5883	P463
5884	P178
5885	P17
5886	P527
5887	P57
5888	P361
5889	P577
5890	P131
5891	P17
5892	P175
5893	P361
5894	P69
5895	P166
5896	P17
5897	P527
5898	P150
5899	P17
5900	P17
5901	P40
5902	P264
5903	P264
5904	P175
5905	P674
5906	P577
5907	P577
5908	P17
5909	P150
5910	P17
5911	P800
5912	P577
5913	P361
5914	P30
5915	P26
5916	P17
5917	P17
5918	P127
5919	P118
5920	P17
5921	P175
5922	P17
5923	P150
5924	P54
5925	P156
5926	P17
5927	P150
5928	P17
5929	P740
5930	P582
5931	P17
5932	P674
5933	P272
5934	P57
5935	P58
5936	P569
5937	P140
5938	P1344
5939	P175
5940	P131
5941	P170
5942	P1441
5943	P527
5944	P150
5945	P17
5946	P577
5947	P17
5948	P495
5949	P463
5950	P1441
5951	P570
5952	P569
5953	P131
5954	P17
5955	P569
5956	P17
5957	P102
5958	P131
5959	P495
5960	P150
5961	P6
5962	P577
5963	P150
5964	P1001
5965	P569
5966	P162
5967	P131
5968	P19
5969	P206
5970	P175
5971	P17
5972	P69
5973	P161
5974	P27
5975	P175
5976	P577
5977	P577
5978	P27
5979	P17
5980	P400
5981	P17
5982	P27
5983	P161
5984	P361
5985	P577
5986	P17
5987	P1001
5988	P170
5989	P40
5990	P131
5991	P17
5992	P577
5993	P570
5994	P131
5995	P264
5996	P150
5997	P569
5998	P495
5999	P577
6000	P27
6001	P37
6002	P161
6003	P607
6004	P17
6005	P17
6006	P127
6007	P17
6008	P20
6009	P17
6010	P361
6011	P131
6012	P463
6013	P17
6014	P57
6015	P569
6016	P17
6017	P17
6018	P17
6019	P17
6020	P17
6021	P27
6022	P463
6023	P112
6024	P170
6025	P178
6026	P17
6027	P1441
6028	P137
6029	P17
6030	P361
6031	P577
6032	P17
6033	P17
6034	P131
6035	P840
6036	P131
6037	P27
6038	P31
6039	P17
6040	P175
6041	P17
6042	P150
6043	P175
6044	P495
6045	P131
6046	P570
6047	P170
6048	P131
6049	P58
6050	P162
6051	P17
6052	P17
6053	P17
6054	P400
6055	P150
6056	P150
6057	P27
6058	P527
6059	P161
6060	P27
6061	P17
6062	P31
6063	P17
6064	P178
6065	P264
6066	P137
6067	P131
6068	P571
6069	P264
6070	P150
6071	P131
6072	P170
6073	P400
6074	P17
6075	P40
6076	P17
6077	P577
6078	P17
6079	P170
6080	P36
6081	P17
6082	P27
6083	P17
6084	P150
6085	P150
6086	P674
6087	P131
6088	P22
6089	P131
6090	P527
6091	P150
6092	P527
6093	P176
6094	P175
6095	P26
6096	P17
6097	P17
6098	P178
6099	P17
6100	P17
6101	P17
6102	P17
6103	P118
6104	P161
6105	P150
6106	P102
6107	P17
6108	P1344
6109	P264
6110	P27
6111	P22
6112	P355
6113	P1001
6114	P150
6115	P1001
6116	P571
6117	P674
6118	P17
6119	P118
6120	P27
6121	P27
6122	P17
6123	P17
6124	P361
6125	P150
6126	P17
6127	P131
6128	P17
6129	P102
6130	P17
6131	P27
6132	P175
6133	P706
6134	P131
6135	P569
6136	P27
6137	P162
6138	P569
6139	P1412
6140	P17
6141	P569
6142	P264
6143	P17
6144	P19
6145	P706
6146	P131
6147	P123
6148	P495
6149	P577
6150	P570
6151	P577
6152	P576
6153	P495
6154	P131
6155	P131
6156	P6
6157	P27
6158	P17
6159	P264
6160	P17
6161	P577
6162	P170
6163	P674
6164	P569
6165	P17
6166	P131
6167	P26
6168	P175
6169	P175
6170	P131
6171	P27
6172	P569
6173	P276
6174	P241
6175	P17
6176	P131
6177	P264
6178	P150
6179	P19
6180	P27
6181	P570
6182	P131
6183	P131
6184	P131
6185	P17
6186	P22
6187	P17
6188	P54
6189	P17
6190	P194
6191	P17
6192	P361
6193	P131
6194	P527
6195	P131
6196	P17
6197	P17
6198	P17
6199	P22
6200	P527
6201	P463
6202	P3373
6203	P175
6204	P264
6205	P161
6206	P674
6207	P175
6208	P17
6209	P150
6210	P17
6211	P150
6212	P170
6213	P17
6214	P17
6215	P527
6216	P27
6217	P527
6218	P131
6219	P131
6220	P17
6221	P264
6222	P17
6223	P17
6224	P27
6225	P577
6226	P710
6227	P19
6228	P571
6229	P175
6230	P577
6231	P172
6232	P17
6233	P27
6234	P175
6235	P27
6236	P131
6237	P161
6238	P108
6239	P1001
6240	P155
6241	P17
6242	P150
6243	P17
6244	P127
6245	P17
6246	P17
6247	P127
6248	P571
6249	P570
6250	P361
6251	P27
6252	P127
6253	P17
6254	P131
6255	P1001
6256	P131
6257	P40
6258	P131
6259	P264
6260	P674
6261	P17
6262	P19
6263	P569
6264	P57
6265	P131
6266	P17
6267	P17
6268	P27
6269	P1441
6270	P577
6271	P488
6272	P495
6273	P19
6274	P17
6275	P577
6276	P264
6277	P403
6278	P131
6279	P527
6280	P577
6281	P136
6282	P17
6283	P131
6284	P131
6285	P69
6286	P175
6287	P17
6288	P569
6289	P17
6290	P194
6291	P131
6292	P150
6293	P710
6294	P17
6295	P150
6296	P155
6297	P30
6298	P674
6299	P150
6300	P570
6301	P17
6302	P131
6303	P571
6304	P172
6305	P131
6306	P131
6307	P50
6308	P264
6309	P17
6310	P674
6311	P570
6312	P156
6313	P264
6314	P50
6315	P17
6316	P127
6317	P40
6318	P102
6319	P150
6320	P272
6321	P155
6322	P36
6323	P361
6324	P26
6325	P161
6326	P35
6327	P264
6328	P69
6329	P36
6330	P527
6331	P17
6332	P150
6333	P361
6334	P131
6335	P576
6336	P131
6337	P27
6338	P495
6339	P17
6340	P131
6341	P150
6342	P577
6343	P206
6344	P27
6345	P20
6346	P17
6347	P156
6348	P27
6349	P577
6350	P175
6351	P175
6352	P162
6353	P27
6354	P131
6355	P571
6356	P17
6357	P463
6358	P569
6359	P569
6360	P17
6361	P17
6362	P3373
6363	P569
6364	P840
6365	P740
6366	P150
6367	P1441
6368	P577
6369	P22
6370	P131
6371	P17
6372	P361
6373	P27
6374	P17
6375	P26
6376	P170
6377	P35
6378	P27
6379	P17
6380	P569
6381	P1344
6382	P17
6383	P131
6384	P17
6385	P19
6386	P27
6387	P17
6388	P131
6389	P102
6390	P17
6391	P264
6392	P50
6393	P577
6394	P749
6395	P570
6396	P131
6397	P150
6398	P17
6399	P527
6400	P17
6401	P749
6402	P175
6403	P527
6404	P749
6405	P569
6406	P264
6407	P30
6408	P241
6409	P17
6410	P131
6411	P175
6412	P150
6413	P241
6414	P131
6415	P17
6416	P17
6417	P17
6418	P175
6419	P131
6420	P463
6421	P706
6422	P37
6423	P175
6424	P40
6425	P22
6426	P131
6427	P175
6428	P1336
6429	P131
6430	P577
6431	P172
6432	P161
6433	P1376
6434	P17
6435	P131
6436	P175
6437	P17
6438	P569
6439	P36
6440	P570
6441	P264
6442	P175
6443	P37
6444	P361
6445	P264
6446	P17
6447	P161
6448	P361
6449	P27
6450	P131
6451	P170
6452	P131
6453	P17
6454	P674
6455	P749
6456	P17
6457	P17
6458	P17
6459	P27
6460	P17
6461	P580
6462	P156
6463	P264
6464	P17
6465	P27
6466	P17
6467	P175
6468	P3373
6469	P1344
6470	P127
6471	P31
6472	P150
6473	P17
6474	P17
6475	P17
6476	P17
6477	P131
6478	P17
6479	P1366
6480	P170
6481	P150
6482	P17
6483	P17
6484	P17
6485	P131
6486	P40
6487	P17
6488	P527
6489	P571
6490	P1001
6491	P170
6492	P175
6493	P150
6494	P112
6495	P206
6496	P607
6497	P17
6498	P150
6499	P27
6500	P54
6501	P118
6502	P710
6503	P171
6504	P577
6505	P17
6506	P27
6507	P449
6508	P27
6509	P569
6510	P17
6511	P175
6512	P569
6513	P585
6514	P570
6515	P495
6516	P131
6517	P58
6518	P241
6519	P50
6520	P17
6521	P131
6522	P361
6523	P37
6524	P3373
6525	P17
6526	P17
6527	P17
6528	P17
6529	P166
6530	P355
6531	P131
6532	P175
6533	P54
6534	P17
6535	P118
6536	P27
6537	P27
6538	P131
6539	P17
6540	P570
6541	P118
6542	P264
6543	P17
6544	P131
6545	P674
6546	P131
6547	P156
6548	P205
6549	P171
6550	P161
6551	P17
6552	P171
6553	P40
6554	P162
6555	P569
6556	P150
6557	P577
6558	P17
6559	P17
6560	P17
6561	P577
6562	P17
6563	P1001
6564	P17
6565	P17
6566	P495
6567	P580
6568	P30
6569	P17
6570	P131
6571	P58
6572	P131
6573	P17
6574	P131
6575	P108
6576	P27
6577	P150
6578	P6
6579	P17
6580	P131
6581	P40
6582	P30
6583	P54
6584	P17
6585	P131
6586	P20
6587	P131
6588	P577
6589	P137
6590	P175
6591	P194
6592	P1344
6593	P264
6594	P800
6595	P175
6596	P19
6597	P57
6598	P175
6599	P937
6600	P1001
6601	P50
6602	P27
6603	P17
6604	P58
6605	P674
6606	P400
6607	P463
6608	P131
6609	P27
6610	P22
6611	P123
6612	P17
6613	P131
6614	P159
6615	P131
6616	P150
6617	P19
6618	P102
6619	P17
6620	P495
6621	P463
6622	P6
6623	P166
6624	P131
6625	P19
6626	P17
6627	P495
6628	P131
6629	P131
6630	P17
6631	P577
6632	P161
6633	P131
6634	P6
6635	P156
6636	P178
6637	P17
6638	P175
6639	P206
6640	P577
6641	P20
6642	P102
6643	P27
6644	P17
6645	P102
6646	P264
6647	P17
6648	P150
6649	P463
6650	P571
6651	P26
6652	P131
6653	P17
6654	P495
6655	P17
6656	P27
6657	P131
6658	P69
6659	P571
6660	P27
6661	P527
6662	P17
6663	P27
6664	P31
6665	P150
6666	P17
6667	P27
6668	P570
6669	P17
6670	P17
6671	P150
6672	P131
6673	P17
6674	P19
6675	P27
6676	P26
6677	P40
6678	P131
6679	P17
6680	P17
6681	P577
6682	P69
6683	P400
6684	P131
6685	P17
6686	P264
6687	P19
6688	P527
6689	P17
6690	P131
6691	P361
6692	P1344
6693	P17
6694	P569
6695	P25
6696	P57
6697	P17
6698	P17
6699	P400
6700	P194
6701	P527
6702	P131
6703	P176
6704	P527
6705	P150
6706	P25
6707	P161
6708	P27
6709	P495
6710	P576
6711	P162
6712	P131
6713	P17
6714	P27
6715	P570
6716	P131
6717	P131
6718	P569
6719	P577
6720	P17
6721	P570
6722	P27
6723	P577
6724	P17
6725	P17
6726	P131
6727	P156
6728	P131
6729	P17
6730	P17
6731	P241
6732	P17
6733	P102
6734	P27
6735	P571
6736	P40
6737	P26
6738	P577
6739	P161
6740	P569
6741	P571
6742	P463
6743	P17
6744	P17
6745	P27
6746	P569
6747	P175
6748	P17
6749	P131
6750	P276
6751	P137
6752	P17
6753	P403
6754	P131
6755	P131
6756	P150
6757	P17
6758	P175
6759	P30
6760	P27
6761	P150
6762	P108
6763	P571
6764	P6
6765	P495
6766	P20
6767	P463
6768	P1344
6769	P577
6770	P176
6771	P22
6772	P571
6773	P206
6774	P150
6775	P118
6776	P1056
6777	P178
6778	P131
6779	P17
6780	P27
6781	P569
6782	P171
6783	P25
6784	P361
6785	P25
6786	P131
6787	P150
6788	P178
6789	P17
6790	P570
6791	P112
6792	P3373
6793	P131
6794	P54
6795	P495
6796	P26
6797	P17
6798	P131
6799	P17
6800	P131
6801	P1366
6802	P175
6803	P551
6804	P495
6805	P17
6806	P400
6807	P569
6808	P570
6809	P463
6810	P175
6811	P150
6812	P577
6813	P150
6814	P17
6815	P570
6816	P175
6817	P150
6818	P577
6819	P30
6820	P175
6821	P162
6822	P150
6823	P170
6824	P17
6825	P3373
6826	P674
6827	P17
6828	P17
6829	P17
6830	P17
6831	P463
6832	P17
6833	P170
6834	P1376
6835	P131
6836	P30
6837	P131
6838	P17
6839	P137
6840	P175
6841	P194
6842	P150
6843	P27
6844	P570
6845	P577
6846	P26
6847	P577
6848	P155
6849	P355
6850	P17
6851	P17
6852	P569
6853	P27
6854	P569
6855	P17
6856	P69
6857	P570
6858	P156
6859	P25
6860	P50
6861	P131
6862	P58
6863	P27
6864	P17
6865	P150
6866	P807
6867	P674
6868	P20
6869	P400
6870	P26
6871	P570
6872	P175
6873	P17
6874	P577
6875	P241
6876	P30
6877	P150
6878	P131
6879	P25
6880	P463
6881	P577
6882	P17
6883	P150
6884	P131
6885	P17
6886	P58
6887	P495
6888	P463
6889	P156
6890	P527
6891	P36
6892	P17
6893	P161
6894	P57
6895	P17
6896	P674
6897	P131
6898	P17
6899	P576
6900	P495
6901	P463
6902	P17
6903	P175
6904	P131
6905	P527
6906	P27
6907	P570
6908	P131
6909	P17
6910	P577
6911	P175
6912	P17
6913	P570
6914	P131
6915	P27
6916	P131
6917	P22
6918	P607
6919	P27
6920	P569
6921	P27
6922	P1412
6923	P176
6924	P170
6925	P27
6926	P27
6927	P17
6928	P577
6929	P27
6930	P488
6931	P264
6932	P131
6933	P112
6934	P27
6935	P577
6936	P17
6937	P569
6938	P35
6939	P27
6940	P17
6941	P17
6942	P3373
6943	P25
6944	P463
6945	P175
6946	P175
6947	P3373
6948	P570
6949	P22
6950	P17
6951	P674
6952	P150
6953	P131
6954	P17
6955	P150
6956	P17
6957	P495
6958	P131
6959	P361
6960	P17
6961	P17
6962	P17
6963	P17
6964	P495
6965	P276
6966	P17
6967	P159
6968	P175
6969	P27
6970	P156
6971	P569
6972	P40
6973	P577
6974	P131
6975	P22
6976	P403
6977	P364
6978	P264
6979	P50
6980	P569
6981	P175
6982	P577
6983	P150
6984	P17
6985	P175
6986	P6
6987	P577
6988	P172
6989	P570
6990	P17
6991	P27
6992	P571
6993	P17
6994	P131
6995	P131
6996	P361
6997	P569
6998	P17
6999	P22
7000	P569
7001	P150
7002	P569
7003	P17
7004	P570
7005	P22
7006	P17
7007	P206
7008	P17
7009	P17
7010	P175
7011	P102
7012	P17
7013	P131
7014	P17
7015	P102
7016	P131
7017	P27
7018	P123
7019	P175
7020	P22
7021	P17
7022	P26
7023	P131
7024	P17
7025	P17
7026	P17
7027	P577
7028	P58
7029	P150
7030	P17
7031	P112
7032	P527
7033	P19
7034	P175
7035	P194
7036	P27
7037	P131
7038	P17
7039	P131
7040	P674
7041	P150
7042	P175
7043	P22
7044	P27
7045	P527
7046	P150
7047	P571
7048	P1001
7049	P50
7050	P22
7051	P17
7052	P131
7053	P1441
7054	P17
7055	P54
7056	P17
7057	P22
7058	P27
7059	P17
7060	P569
7061	P1441
7062	P161
7063	P17
7064	P449
7065	P17
7066	P1344
7067	P264
7068	P69
7069	P355
7070	P162
7071	P58
7072	P150
7073	P570
7074	P17
7075	P175
7076	P172
7077	P17
7078	P17
7079	P27
7080	P17
7081	P150
7082	P495
7083	P17
7084	P30
7085	P131
7086	P17
7087	P17
7088	P17
7089	P840
7090	P175
7091	P194
7092	P577
7093	P102
7094	P175
7095	P569
7096	P27
7097	P131
7098	P577
7099	P161
7100	P577
7101	P749
7102	P17
7103	P131
7104	P17
7105	P17
7106	P206
7107	P571
7108	P361
7109	P131
7110	P27
7111	P17
7112	P527
7113	P571
7114	P27
7115	P40
7116	P57
7117	P17
7118	P58
7119	P17
7120	P17
7121	P30
7122	P17
7123	P495
7124	P17
7125	P161
7126	P40
7127	P577
7128	P264
7129	P17
7130	P6
7131	P17
7132	P175
7133	P17
7134	P571
7135	P576
7136	P27
7137	P17
7138	P361
7139	P527
7140	P576
7141	P27
7142	P17
7143	P27
7144	P264
7145	P150
7146	P150
7147	P131
7148	P131
7149	P17
7150	P495
7151	P264
7152	P27
7153	P150
7154	P150
7155	P150
7156	P361
7157	P123
7158	P527
7159	P69
7160	P570
7161	P150
7162	P178
7163	P570
7164	P150
7165	P577
7166	P6
7167	P17
7168	P569
7169	P17
7170	P40
7171	P175
7172	P19
7173	P27
7174	P27
7175	P20
7176	P264
7177	P175
7178	P30
7179	P108
7180	P27
7181	P17
7182	P150
7183	P131
7184	P131
7185	P17
7186	P131
7187	P19
7188	P17
7189	P264
7190	P264
7191	P156
7192	P131
7193	P570
7194	P22
7195	P30
7196	P150
7197	P161
7198	P27
7199	P131
7200	P27
7201	P172
7202	P26
7203	P131
7204	P17
7205	P17
7206	P569
7207	P276
7208	P131
7209	P30
7210	P17
7211	P576
7212	P570
7213	P937
7214	P17
7215	P577
7216	P27
7217	P17
7218	P150
7219	P175
7220	P69
7221	P17
7222	P577
7223	P17
7224	P131
7225	P17
7226	P27
7227	P175
7228	P17
7229	P276
7230	P175
7231	P495
7232	P527
7233	P577
7234	P27
7235	P40
7236	P495
7237	P495
7238	P175
7239	P131
7240	P27
7241	P17
7242	P131
7243	P17
7244	P155
7245	P264
7246	P102
7247	P571
7248	P205
7249	P58
7250	P569
7251	P175
7252	P17
7253	P50
7254	P17
7255	P175
7256	P17
7257	P17
7258	P527
7259	P131
7260	P22
7261	P495
7262	P463
7263	P131
7264	P17
7265	P131
7266	P27
7267	P17
7268	P17
7269	P194
7270	P569
7271	P22
7272	P17
7273	P127
7274	P264
7275	P17
7276	P17
7277	P800
7278	P131
7279	P27
7280	P400
7281	P361
7282	P264
7283	P178
7284	P19
7285	P495
7286	P131
7287	P27
7288	P131
7289	P17
7290	P206
7291	P31
7292	P17
7293	P131
7294	P194
7295	P571
7296	P1441
7297	P140
7298	P175
7299	P264
7300	P264
7301	P17
7302	P178
7303	P131
7304	P131
7305	P361
7306	P27
7307	P17
7308	P17
7309	P355
7310	P17
7311	P26
7312	P3373
7313	P17
7314	P150
7315	P361
7316	P27
7317	P150
7318	P17
7319	P569
7320	P17
7321	P206
7322	P175
7323	P17
7324	P150
7325	P127
7326	P495
7327	P27
7328	P27
7329	P27
7330	P150
7331	P264
7332	P527
7333	P17
7334	P361
7335	P1441
7336	P800
7337	P571
7338	P131
7339	P17
7340	P131
7341	P170
7342	P576
7343	P137
7344	P127
7345	P361
7346	P131
7347	P131
7348	P27
7349	P570
7350	P27
7351	P161
7352	P131
7353	P569
7354	P17
7355	P40
7356	P17
7357	P17
7358	P17
7359	P400
7360	P40
7361	P175
7362	P570
7363	P17
7364	P150
7365	P17
7366	P17
7367	P30
7368	P50
7369	P17
7370	P27
7371	P571
7372	P54
7373	P577
7374	P17
7375	P175
7376	P131
7377	P570
7378	P577
7379	P161
7380	P27
7381	P102
7382	P264
7383	P17
7384	P580
7385	P27
7386	P571
7387	P1412
7388	P131
7389	P57
7390	P17
7391	P495
7392	P175
7393	P527
7394	P1366
7395	P131
7396	P170
7397	P131
7398	P17
7399	P205
7400	P27
7401	P17
7402	P27
7403	P27
7404	P27
7405	P355
7406	P264
7407	P27
7408	P17
7409	P1441
7410	P27
7411	P570
7412	P131
7413	P194
7414	P17
7415	P17
7416	P17
7417	P123
7418	P495
7419	P131
7420	P86
7421	P17
7422	P361
7423	P488
7424	P17
7425	P50
7426	P17
7427	P3373
7428	P569
7429	P17
7430	P361
7431	P150
7432	P131
7433	P131
7434	P17
7435	P17
7436	P27
7437	P17
7438	P57
7439	P35
7440	P17
7441	P22
7442	P194
7443	P400
7444	P166
7445	P131
7446	P17
7447	P17
7448	P17
7449	P123
7450	P131
7451	P264
7452	P40
7453	P131
7454	P17
7455	P27
7456	P30
7457	P17
7458	P17
7459	P17
7460	P131
7461	P150
7462	P570
7463	P156
7464	P571
7465	P131
7466	P170
7467	P131
7468	P175
7469	P1441
7470	P69
7471	P495
7472	P26
7473	P577
7474	P463
7475	P175
7476	P131
7477	P150
7478	P674
7479	P57
7480	P58
7481	P17
7482	P17
7483	P1056
7484	P150
7485	P400
7486	P241
7487	P400
7488	P17
7489	P123
7490	P131
7491	P27
7492	P264
7493	P17
7494	P22
7495	P17
7496	P58
7497	P17
7498	P20
7499	P30
7500	P17
7501	P166
7502	P17
7503	P170
7504	P17
7505	P463
7506	P127
7507	P22
7508	P570
7509	P17
7510	P206
7511	P27
7512	P577
7513	P569
7514	P17
7515	P27
7516	P150
7517	P19
7518	P571
7519	P463
7520	P206
7521	P161
7522	P162
7523	P706
7524	P577
7525	P150
7526	P131
7527	P86
7528	P131
7529	P569
7530	P131
7531	P131
7532	P30
7533	P170
7534	P26
7535	P27
7536	P571
7537	P170
7538	P58
7539	P17
7540	P1336
7541	P123
7542	P17
7543	P17
7544	P22
7545	P131
7546	P156
7547	P527
7548	P50
7549	P27
7550	P27
7551	P17
7552	P17
7553	P27
7554	P17
7555	P131
7556	P40
7557	P50
7558	P112
7559	P355
7560	P27
7561	P17
7562	P30
7563	P569
7564	P674
7565	P577
7566	P150
7567	P27
7568	P264
7569	P17
7570	P1344
7571	P27
7572	P17
7573	P17
7574	P175
7575	P40
7576	P527
7577	P27
7578	P131
7579	P102
7580	P264
7581	P27
7582	P27
7583	P17
7584	P162
7585	P206
7586	P27
7587	P27
7588	P171
7589	P570
7590	P27
7591	P17
7592	P150
7593	P17
7594	P17
7595	P161
7596	P131
7597	P40
7598	P577
7599	P361
7600	P127
7601	P674
7602	P569
7603	P69
7604	P1441
7605	P102
7606	P577
7607	P551
7608	P69
7609	P17
7610	P22
7611	P17
7612	P37
7613	P17
7614	P463
7615	P1001
7616	P569
7617	P175
7618	P112
7619	P131
7620	P118
7621	P108
7622	P166
7623	P17
7624	P577
7625	P150
7626	P400
7627	P35
7628	P740
7629	P570
7630	P527
7631	P131
7632	P27
7633	P175
7634	P27
7635	P131
7636	P17
7637	P131
7638	P3373
7639	P17
7640	P40
7641	P150
7642	P577
7643	P495
7644	P112
7645	P27
7646	P577
7647	P137
7648	P577
7649	P607
7650	P150
7651	P27
7652	P264
7653	P17
7654	P17
7655	P27
7656	P569
7657	P150
7658	P264
7659	P569
7660	P140
7661	P569
7662	P108
7663	P17
7664	P17
7665	P571
7666	P57
7667	P17
7668	P175
7669	P131
7670	P576
7671	P571
7672	P54
7673	P17
7674	P40
7675	P17
7676	P27
7677	P17
7678	P264
7679	P150
7680	P58
7681	P27
7682	P102
7683	P17
7684	P577
7685	P1441
7686	P17
7687	P676
7688	P361
7689	P26
7690	P40
7691	P150
7692	P577
7693	P276
7694	P17
7695	P577
7696	P569
7697	P264
7698	P27
7699	P17
7700	P400
7701	P527
7702	P570
7703	P17
7704	P17
7705	P569
7706	P527
7707	P400
7708	P131
7709	P17
7710	P131
7711	P175
7712	P131
7713	P175
7714	P50
7715	P150
7716	P40
7717	P17
7718	P131
7719	P50
7720	P172
7721	P17
7722	P3373
7723	P175
7724	P17
7725	P6
7726	P17
7727	P161
7728	P150
7729	P30
7730	P40
7731	P175
7732	P127
7733	P112
7734	P27
7735	P1441
7736	P527
7737	P6
7738	P527
7739	P69
7740	P17
7741	P40
7742	P22
7743	P175
7744	P17
7745	P17
7746	P17
7747	P19
7748	P710
7749	P150
7750	P69
7751	P17
7752	P361
7753	P570
7754	P131
7755	P17
7756	P161
7757	P178
7758	P17
7759	P17
7760	P20
7761	P577
7762	P131
7763	P17
7764	P17
7765	P740
7766	P527
7767	P17
7768	P27
7769	P17
7770	P17
7771	P27
7772	P150
7773	P3373
7774	P1001
7775	P131
7776	P161
7777	P131
7778	P17
7779	P1344
7780	P17
7781	P123
7782	P570
7783	P175
7784	P17
7785	P131
7786	P131
7787	P17
7788	P674
7789	P26
7790	P570
7791	P1001
7792	P17
7793	P17
7794	P131
7795	P27
7796	P17
7797	P26
7798	P6
7799	P31
7800	P162
7801	P69
7802	P171
7803	P131
7804	P27
7805	P527
7806	P17
7807	P131
7808	P571
7809	P194
7810	P279
7811	P17
7812	P175
7813	P607
7814	P577
7815	P17
7816	P27
7817	P131
7818	P17
7819	P17
7820	P17
7821	P17
7822	P17
7823	P495
7824	P17
7825	P17
7826	P17
7827	P131
7828	P27
7829	P40
7830	P577
7831	P171
7832	P17
7833	P17
7834	P569
7835	P27
7836	P171
7837	P674
7838	P131
7839	P175
7840	P131
7841	P17
7842	P400
7843	P449
7844	P131
7845	P69
7846	P131
7847	P131
7848	P27
7849	P463
7850	P40
7851	P26
7852	P463
7853	P17
7854	P102
7855	P17
7856	P17
7857	P17
7858	P569
7859	P175
7860	P131
7861	P400
7862	P17
7863	P527
7864	P170
7865	P131
7866	P241
7867	P577
7868	P150
7869	P17
7870	P276
7871	P17
7872	P57
7873	P361
7874	P20
7875	P50
7876	P175
7877	P400
7878	P156
7879	P131
7880	P17
7881	P577
7882	P27
7883	P17
7884	P150
7885	P131
7886	P1001
7887	P577
7888	P361
7889	P17
7890	P17
7891	P69
7892	P17
7893	P569
7894	P50
7895	P27
7896	P527
7897	P131
7898	P17
7899	P150
7900	P495
7901	P264
7902	P264
7903	P577
7904	P150
7905	P17
7906	P150
7907	P17
7908	P577
7909	P27
7910	P403
7911	P131
7912	P27
7913	P361
7914	P22
7915	P131
7916	P527
7917	P17
7918	P131
7919	P175
7920	P1441
7921	P463
7922	P131
7923	P131
7924	P577
7925	P20
7926	P17
7927	P17
7928	P570
7929	P127
7930	P26
7931	P17
7932	P27
7933	P150
7934	P131
7935	P102
7936	P150
7937	P17
